{
    "test_accuracy": 0.8833333333333333,
    "classification_report": {
        "0": {
            "precision": 1.0,
            "recall": 1.0,
            "f1-score": 1.0,
            "support": 15.0
        },
        "1": {
            "precision": 0.7222222222222222,
            "recall": 0.8666666666666667,
            "f1-score": 0.7878787878787878,
            "support": 15.0
        },
        "2": {
            "precision": 1.0,
            "recall": 1.0,
            "f1-score": 1.0,
            "support": 15.0
        },
        "3": {
            "precision": 0.8333333333333334,
            "recall": 0.6666666666666666,
            "f1-score": 0.7407407407407407,
            "support": 15.0
        },
        "accuracy": 0.8833333333333333,
        "macro avg": {
            "precision": 0.888888888888889,
            "recall": 0.8833333333333333,
            "f1-score": 0.8821548821548821,
            "support": 60.0
        },
        "weighted avg": {
            "precision": 0.888888888888889,
            "recall": 0.8833333333333333,
            "f1-score": 0.8821548821548821,
            "support": 60.0
        }
    },
    "confusion_matrix": [
        [
            15,
            0,
            0,
            0
        ],
        [
            0,
            13,
            0,
            2
        ],
        [
            0,
            0,
            15,
            0
        ],
        [
            0,
            5,
            0,
            10
        ]
    ]
}