{
    "test_accuracy": 0.85,
    "classification_report": {
        "0": {
            "precision": 1.0,
            "recall": 1.0,
            "f1-score": 1.0,
            "support": 15.0
        },
        "1": {
            "precision": 0.6842105263157895,
            "recall": 0.8666666666666667,
            "f1-score": 0.7647058823529411,
            "support": 15.0
        },
        "2": {
            "precision": 0.9333333333333333,
            "recall": 0.9333333333333333,
            "f1-score": 0.9333333333333333,
            "support": 15.0
        },
        "3": {
            "precision": 0.8181818181818182,
            "recall": 0.6,
            "f1-score": 0.6923076923076923,
            "support": 15.0
        },
        "accuracy": 0.85,
        "macro avg": {
            "precision": 0.8589314194577353,
            "recall": 0.85,
            "f1-score": 0.8475867269984918,
            "support": 60.0
        },
        "weighted avg": {
            "precision": 0.8589314194577352,
            "recall": 0.85,
            "f1-score": 0.8475867269984917,
            "support": 60.0
        }
    },
    "confusion_matrix": [
        [
            15,
            0,
            0,
            0
        ],
        [
            0,
            13,
            0,
            2
        ],
        [
            0,
            1,
            14,
            0
        ],
        [
            0,
            5,
            1,
            9
        ]
    ]
}