{
    "test_accuracy": 0.8,
    "classification_report": {
        "0": {
            "precision": 0.9333333333333333,
            "recall": 0.9333333333333333,
            "f1-score": 0.9333333333333333,
            "support": 15.0
        },
        "1": {
            "precision": 0.631578947368421,
            "recall": 0.8,
            "f1-score": 0.7058823529411765,
            "support": 15.0
        },
        "2": {
            "precision": 0.9285714285714286,
            "recall": 0.8666666666666667,
            "f1-score": 0.896551724137931,
            "support": 15.0
        },
        "3": {
            "precision": 0.75,
            "recall": 0.6,
            "f1-score": 0.6666666666666666,
            "support": 15.0
        },
        "accuracy": 0.8,
        "macro avg": {
            "precision": 0.8108709273182957,
            "recall": 0.8,
            "f1-score": 0.8006085192697768,
            "support": 60.0
        },
        "weighted avg": {
            "precision": 0.8108709273182958,
            "recall": 0.8,
            "f1-score": 0.8006085192697768,
            "support": 60.0
        }
    },
    "confusion_matrix": [
        [
            14,
            0,
            0,
            1
        ],
        [
            1,
            12,
            0,
            2
        ],
        [
            0,
            2,
            13,
            0
        ],
        [
            0,
            5,
            1,
            9
        ]
    ]
}